{"cameraMode":{"drawMode":0,"name":"Shaded","section":"Shading Mode"},"sceneLighting":true,"audioPlay":false,"sceneViewState":{"showFog":true,"showMaterialUpdate":false,"showSkybox":true,"showFlares":true,"showImageEffects":true,"showParticleSystems":true},"in2DMode":false,"pivot":{"x":-4.0556559562683109,"y":1.3434219360351563,"z":2.5000030994415285},"rotation":{"x":-0.1166130006313324,"y":0.8296268582344055,"z":-0.18884222209453584,"w":-0.51230788230896},"size":35.52717971801758,"orthographic":false}