{"cameraMode":{"drawMode":0,"name":"Shaded","section":"Shading Mode"},"sceneLighting":true,"audioPlay":false,"sceneViewState":{"showFog":true,"showMaterialUpdate":false,"showSkybox":true,"showFlares":true,"showImageEffects":true,"showParticleSystems":true},"in2DMode":false,"pivot":{"x":7.019279956817627,"y":4.6826887130737309,"z":2.9628782272338869},"rotation":{"x":0.09610150754451752,"y":-0.8881182670593262,"z":0.21677103638648988,"w":0.39373236894607546},"size":29.067642211914064,"orthographic":true}